{
    "$schema": "https://schema.management.azure.com/schemas/2015-01-01/deploymentParameters.json#",
    "contentVersion": "1.0.0.0",
    "parameters": {
        "administratorLogin": {
            "value": "sqladmin"
        },
        "administratorLoginPassword": {
            "value": null
        },
        "administrators": {
            "value": {}
        },
        "collation": {
            "value": "SQL_Latin1_General_CP1_CI_AS"
        },
        "databaseName": {
            "value": "Advcloud"
        },
        "tier": {
            "value": "GeneralPurpose"
        },
        "skuName": {
            "value": "GP_S_Gen5_8"
        },
        "location": {
            "value": "swedencentral"
        },
        "maxSizeBytes": {
            "value": 352187318272
        },
        "serverName": {
            "value": "sqlserver20220621"
        },
        "sampleName": {
            "value": "AdventureWorksLT"
        },
        "zoneRedundant": {
            "value": false
        },
        "licenseType": {
            "value": ""
        },
        "readScaleOut": {
            "value": "Disabled"
        },
        "numberOfReplicas": {
            "value": 0
        },
        "minCapacity": {
            "value": "1"
        },
        "autoPauseDelay": {
            "value": "60"
        },
        "enableADS": {
            "value": false
        },
        "allowAzureIps": {
            "value": true
        },
        "databaseTags": {
            "value": {}
        },
        "serverTags": {
            "value": {}
        },
        "enableVA": {
            "value": false
        },
        "useVAManagedIdentity": {
            "value": false
        },
        "enablePrivateEndpoint": {
            "value": false
        },
        "privateEndpointNestedTemplateId": {
            "value": "pe-7c915d00-22de-4b5a-ba12-4c24416b8017"
        },
        "privateEndpointSubscriptionId": {
            "value": ""
        },
        "privateEndpointResourceGroup": {
            "value": ""
        },
        "privateEndpointName": {
            "value": ""
        },
        "privateEndpointLocation": {
            "value": ""
        },
        "privateEndpointSubnetId": {
            "value": ""
        },
        "privateLinkServiceName": {
            "value": ""
        },
        "privateLinkServiceServiceId": {
            "value": ""
        },
        "privateEndpointVnetSubscriptionId": {
            "value": ""
        },
        "privateEndpointVnetResourceGroup": {
            "value": ""
        },
        "privateEndpointVnetName": {
            "value": ""
        },
        "privateEndpointSubnetName": {
            "value": ""
        },
        "enablePrivateDnsZone": {
            "value": true
        },
        "privateLinkPrivateDnsZoneFQDN": {
            "value": "privatelink.database.windows.net"
        },
        "privateEndpointDnsRecordUniqueId": {
            "value": "7c915d00-22de-4b5a-ba12-4c24416b801a"
        },
        "privateEndpointTemplateLink": {
            "value": "https://sqlazureextension.hosting.portal.azure.net/sqlazureextension/Content/2.1.01986243/DeploymentTemplates/PrivateEndpoint.json"
        },
        "privateDnsForPrivateEndpointTemplateLink": {
            "value": "https://sqlazureextension.hosting.portal.azure.net/sqlazureextension/Content/2.1.01986243/DeploymentTemplates/PrivateDnsForPrivateEndpoint.json"
        },
        "privateDnsForPrivateEndpointNicTemplateLink": {
            "value": "https://sqlazureextension.hosting.portal.azure.net/sqlazureextension/Content/2.1.01986243/DeploymentTemplates/PrivateDnsForPrivateEndpointNic.json"
        },
        "privateDnsForPrivateEndpointIpConfigTemplateLink": {
            "value": "https://sqlazureextension.hosting.portal.azure.net/sqlazureextension/Content/2.1.01986243/DeploymentTemplates/PrivateDnsForPrivateEndpointIpConfig.json"
        },
        "allowClientIp": {
            "value": false
        },
        "clientIpRuleName": {
            "value": "ClientIp-2022-6-21_9-50-35"
        },
        "clientIpValue": {
            "value": "212.98.70.133"
        },
        "requestedBackupStorageRedundancy": {
            "value": "Geo"
        },
        "maintenanceConfigurationId": {
            "value": ""
        },
        "keyId": {
            "value": ""
        },
        "identity": {
            "value": {
                "type": "None"
            }
        },
        "primaryUserAssignedIdentityId": {
            "value": ""
        },
        "minimalTlsVersion": {
            "value": "1.2"
        },
        "enableSqlLedger": {
            "value": false
        },
        "connectionType": {
            "value": "Default"
        },
        "enableDigestStorage": {
            "value": "Disabled"
        },
        "digestStorageOption": {
            "value": ""
        },
        "digestStorageName": {
            "value": ""
        },
        "blobStorageContainerName": {
            "value": ""
        },
        "retentionDays": {
            "value": ""
        },
        "retentionPolicy": {
            "value": true
        },
        "digestAccountResourceGroup": {
            "value": ""
        },
        "digestRegion": {
            "value": ""
        },
        "storageAccountdigestRegion": {
            "value": ""
        },
        "isNewDigestLocation": {
            "value": false
        },
        "isPermissionAssigned": {
            "value": false
        },
        "sqlLedgerTemplateLink": {
            "value": "https://sqlazureextension.hosting.portal.azure.net/sqlazureextension/Content/2.1.01986243/DeploymentTemplates/SqlLedger.json"
        },
        "servicePrincipal": {
            "value": {
                "type": "None"
            }
        }
    }
}